{
  "tournament": {
    "name": "British Open",
    "year": 2001,
    "award": 840000,
    "yardage": 6905,
    "par": 71,
    "round": 3,
    "players": [
      {
        "lastname": "Montgomerie",
        "firstinitial": "C",
        "score": -2,
        "hole": 14
      },
      {
        "lastname": "Fulke",
        "firstinitial": "P",
        "score": 3,
        "hole": "finished"
      },
      {
        "lastname": "Owen",
        "firstinitial": "G",
        "score": 0,
        "hole": 0
      },
      {
        "lastname": "Parnevik",
        "firstinitial": "J",
        "score": 1,
        "hole": 9
      },
      {
        "lastname": "Ogilvie",
        "firstinitial": "J",
        "score": -1,
        "hole": 3
      },
      {
        "lastname": "Cejka",
        "firstinitial": "A",
        "score": 2,
        "hole": 17
      },
      {
        "lastname": "Romero",
        "firstinitial": "E",
        "score": -1,
        "hole": "finished"
      },
      {
        "lastname": "Fasth",
        "firstinitial": "N",
        "score": 1,
        "hole": 11
      }
    ]
  }
}