{
	"info": {
		"_postman_id": "aae963af-17e5-450d-be9d-80cd4150971c",
		"name": "SER421 Lab 1",
		"schema": "https://schema.getpostman.com/json/collection/v2.1.0/collection.json"
	},
	"item": [
		{
			"name": "Get Index Contents",
			"request": {
				"method": "GET",
				"header": [],
				"url": {
					"raw": "https://swent1linux.asu.edu/ser421lab1/index.html",
					"protocol": "https",
					"host": [
						"swent1linux",
						"asu",
						"edu"
					],
					"path": [
						"ser421lab1",
						"index.html"
					]
				}
			},
			"response": []
		},
		{
			"name": "Create New Grocery Item",
			"request": {
				"method": "POST",
				"header": [
					{
						"warning": "This is a duplicate header and will be overridden by the Content-Type header generated by Postman.",
						"key": "Content-Type",
						"value": "application/x-www-form-urlencoded",
						"type": "text"
					}
				],
				"body": {
					"mode": "urlencoded",
					"urlencoded": [
						{
							"key": "name",
							"value": "jhreshch1_nojson",
							"type": "text"
						},
						{
							"key": "brand",
							"value": "sss",
							"type": "text"
						},
						{
							"key": "quantity",
							"value": "1",
							"type": "text"
						},
						{
							"key": "aisle",
							"value": "1",
							"type": "text"
						},
						{
							"key": "custom",
							"value": "sss",
							"type": "text"
						}
					]
				},
				"url": {
					"raw": "https://swent1linux.asu.edu/ser421lab1/groceries",
					"protocol": "https",
					"host": [
						"swent1linux",
						"asu",
						"edu"
					],
					"path": [
						"ser421lab1",
						"groceries"
					]
				}
			},
			"response": []
		},
		{
			"name": "Create New Grocery Item JSON",
			"request": {
				"method": "POST",
				"header": [],
				"body": {
					"mode": "raw",
					"raw": "{\r\n    \"name\": \"jhreshch1_with_json\",\r\n    \"brand\": \"sss\",\r\n    \"quantity\": \"3\",\r\n    \"aisle\": \"3\",\r\n    \"custom\": \"sss\"\r\n}",
					"options": {
						"raw": {
							"language": "json"
						}
					}
				},
				"url": {
					"raw": "https://swent1linux.asu.edu/ser421lab1/groceries",
					"protocol": "https",
					"host": [
						"swent1linux",
						"asu",
						"edu"
					],
					"path": [
						"ser421lab1",
						"groceries"
					]
				}
			},
			"response": []
		},
		{
			"name": "Get Grocery List Contents",
			"request": {
				"method": "GET",
				"header": [
					{
						"key": "Accept",
						"value": "text/html",
						"type": "text"
					}
				],
				"url": {
					"raw": "https://swent1linux.asu.edu/ser421lab1/my_groceries",
					"protocol": "https",
					"host": [
						"swent1linux",
						"asu",
						"edu"
					],
					"path": [
						"ser421lab1",
						"my_groceries"
					]
				}
			},
			"response": []
		},
		{
			"name": "Get Grocery List Contents Aisle 3 Plain",
			"request": {
				"method": "GET",
				"header": [
					{
						"key": "Content-Type",
						"value": "application/json",
						"type": "text"
					},
					{
						"key": "Accept",
						"value": "text/plain",
						"type": "text"
					}
				],
				"url": {
					"raw": "https://swent1linux.asu.edu/ser421lab1/my_groceries?aisle=3",
					"protocol": "https",
					"host": [
						"swent1linux",
						"asu",
						"edu"
					],
					"path": [
						"ser421lab1",
						"my_groceries"
					],
					"query": [
						{
							"key": "aisle",
							"value": "3"
						},
						{
							"key": "",
							"value": "",
							"disabled": true
						}
					]
				}
			},
			"response": []
		},
		{
			"name": "Get Grocery List Contents Aisle 3 Veg Diet JSON",
			"request": {
				"method": "GET",
				"header": [
					{
						"key": "Accept",
						"value": "application/json",
						"type": "text"
					}
				],
				"url": {
					"raw": "https://swent1linux.asu.edu/ser421lab1/my_groceries?aisle=3&custom=veg",
					"protocol": "https",
					"host": [
						"swent1linux",
						"asu",
						"edu"
					],
					"path": [
						"ser421lab1",
						"my_groceries"
					],
					"query": [
						{
							"key": "aisle",
							"value": "3"
						},
						{
							"key": "custom",
							"value": "veg"
						}
					]
				}
			},
			"response": []
		},
		{
			"name": "Syntactically Incorrect Grocery List Retrieval",
			"protocolProfileBehavior": {
				"disabledSystemHeaders": {
					"host": true,
					"user-agent": true,
					"accept": true,
					"accept-encoding": true,
					"connection": true
				}
			},
			"request": {
				"method": "GET",
				"header": [],
				"url": {
					"raw": "https://swent1linux.asu.edu/ser421lab1/my_groceries?asd=`",
					"protocol": "https",
					"host": [
						"swent1linux",
						"asu",
						"edu"
					],
					"path": [
						"ser421lab1",
						"my_groceries"
					],
					"query": [
						{
							"key": "asd",
							"value": "`"
						}
					]
				}
			},
			"response": []
		}
	]
}