<Tables><Customer><TableName>customer</TableName><TableStructure><Column1><ColumnName>CUSTID</ColumnName><ColumnType>INT</ColumnType><Length>10</Length></Column1><Column1><ColumnName>PID</ColumnName><ColumnType>INT</ColumnType><Length>10</Length></Column1><Column1><ColumnName>NAME</ColumnName><ColumnType>VARCHAR</ColumnType><Length>45</Length></Column1><Column1><ColumnName>QUANTITY</ColumnName><ColumnType>INT</ColumnType><Length>10</Length></Column1></TableStructure><CustomerData><Person1><CUSTID>94061</CUSTID><PID>61</PID><NAME>Luke Moonwalker</NAME><QUANTITY>1</QUANTITY></Person1><Person2><CUSTID>95133</CUSTID><PID>70</PID><NAME>Darth Marth</NAME><QUANTITY>7</QUANTITY></Person2><Person3><CUSTID>96711</CUSTID><PID>60</PID><NAME>Joe Sith</NAME><QUANTITY>3</QUANTITY></Person3><Person4><CUSTID>97544</CUSTID><PID>71</PID><NAME>Yoda Yoga</NAME><QUANTITY>1</QUANTITY></Person4><Person5><CUSTID>99999</CUSTID><PID>60</PID><NAME>Johnny Test</NAME><QUANTITY>3</QUANTITY></Person5></CustomerData></Customer><Department><TableName>dept</TableName><TableStructure><Column1><ColumnName>DEPTNO</ColumnName><ColumnType>INT</ColumnType><Length>10</Length></Column1><Column1><ColumnName>DNAME</ColumnName><ColumnType>VARCHAR</ColumnType><Length>14</Length></Column1><Column1><ColumnName>LOC</ColumnName><ColumnType>VARCHAR</ColumnType><Length>13</Length></Column1></TableStructure><DepartmentData><Department1><DEPTNO>10</DEPTNO><DNAME>SPORTS</DNAME><LOC>NEW YORK</LOC></Department1><Department2><DEPTNO>20</DEPTNO><DNAME>HOME</DNAME><LOC>DALLAS</LOC></Department2><Department3><DEPTNO>30</DEPTNO><DNAME>OUTDOOR</DNAME><LOC>CHICAGO</LOC></Department3><Department4><DEPTNO>40</DEPTNO><DNAME>CLOTHING</DNAME><LOC>BOSTON</LOC></Department4></DepartmentData></Department><Employee><TableName>emp</TableName><TableStructure><Column1><ColumnName>EMPNO</ColumnName><ColumnType>INT</ColumnType><Length>10</Length></Column1><Column1><ColumnName>ENAME</ColumnName><ColumnType>VARCHAR</ColumnType><Length>10</Length></Column1><Column1><ColumnName>JOB</ColumnName><ColumnType>VARCHAR</ColumnType><Length>9</Length></Column1><Column1><ColumnName>MGR</ColumnName><ColumnType>INT</ColumnType><Length>10</Length></Column1><Column1><ColumnName>SAL</ColumnName><ColumnType>FLOAT</ColumnType><Length>12</Length></Column1><Column1><ColumnName>COMM</ColumnName><ColumnType>FLOAT</ColumnType><Length>12</Length></Column1><Column1><ColumnName>DEPTNO</ColumnName><ColumnType>INT</ColumnType><Length>10</Length></Column1></TableStructure><EmployeeData><Employee1><EMPNO>7369</EMPNO><ENAME>SMITH</ENAME><JOB>CLERK</JOB><MGR>7902</MGR><SAL>800.0</SAL><COMM/><DEPTNO>20</DEPTNO></Employee1><Employee2><EMPNO>7499</EMPNO><ENAME>ALLEN</ENAME><JOB>SALESMAN</JOB><MGR>7698</MGR><SAL>1600.0</SAL><COMM>300.0</COMM><DEPTNO>30</DEPTNO></Employee2><Employee3><EMPNO>7521</EMPNO><ENAME>WARD</ENAME><JOB>SALESMAN</JOB><MGR>7698</MGR><SAL>1250.0</SAL><COMM>500.0</COMM><DEPTNO>30</DEPTNO></Employee3><Employee4><EMPNO>7566</EMPNO><ENAME>JONES</ENAME><JOB>MANAGER</JOB><MGR>7839</MGR><SAL>2975.0</SAL><COMM/><DEPTNO>20</DEPTNO></Employee4><Employee5><EMPNO>7654</EMPNO><ENAME>MARTIN</ENAME><JOB>SALESMAN</JOB><MGR>7698</MGR><SAL>1250.0</SAL><COMM>1400.0</COMM><DEPTNO>30</DEPTNO></Employee5><Employee6><EMPNO>7698</EMPNO><ENAME>BLAKE</ENAME><JOB>MANAGER</JOB><MGR>7839</MGR><SAL>2850.0</SAL><COMM/><DEPTNO>30</DEPTNO></Employee6><Employee7><EMPNO>7782</EMPNO><ENAME>CLARK</ENAME><JOB>MANAGER</JOB><MGR>7839</MGR><SAL>2450.0</SAL><COMM/><DEPTNO>10</DEPTNO></Employee7><Employee8><EMPNO>7788</EMPNO><ENAME>SCOTT</ENAME><JOB>ANALYST</JOB><MGR>7566</MGR><SAL>3000.0</SAL><COMM/><DEPTNO>20</DEPTNO></Employee8><Employee9><EMPNO>7839</EMPNO><ENAME>KING</ENAME><JOB>PRESIDENT</JOB><MGR/><SAL>5000.0</SAL><COMM/><DEPTNO>10</DEPTNO></Employee9><Employee10><EMPNO>7844</EMPNO><ENAME>TURNER</ENAME><JOB>SALESMAN</JOB><MGR>7698</MGR><SAL>1500.0</SAL><COMM>0.0</COMM><DEPTNO>30</DEPTNO></Employee10><Employee11><EMPNO>7876</EMPNO><ENAME>ADAMS</ENAME><JOB>CLERK</JOB><MGR>7788</MGR><SAL>1100.0</SAL><COMM/><DEPTNO>20</DEPTNO></Employee11><Employee12><EMPNO>7900</EMPNO><ENAME>JAMES</ENAME><JOB>CLERK</JOB><MGR>7698</MGR><SAL>950.0</SAL><COMM/><DEPTNO>30</DEPTNO></Employee12><Employee13><EMPNO>7902</EMPNO><ENAME>FORD</ENAME><JOB>ANALYST</JOB><MGR>7566</MGR><SAL>3000.0</SAL><COMM/><DEPTNO>20</DEPTNO></Employee13><Employee14><EMPNO>7934</EMPNO><ENAME>MILLER</ENAME><JOB>CLERK</JOB><MGR>7782</MGR><SAL>1300.0</SAL><COMM/><DEPTNO>10</DEPTNO></Employee14></EmployeeData></Employee><Product><TableName>product</TableName><TableStructure><Column1><ColumnName>PRODID</ColumnName><ColumnType>INT</ColumnType><Length>10</Length></Column1><Column1><ColumnName>PRICE</ColumnName><ColumnType>FLOAT</ColumnType><Length>12</Length></Column1><Column1><ColumnName>MADE_BY</ColumnName><ColumnType>INT</ColumnType><Length>10</Length></Column1><Column1><ColumnName>DESCRIP</ColumnName><ColumnType>VARCHAR</ColumnType><Length>30</Length></Column1></TableStructure><ProductData><Product1><PRODID>30</PRODID><PRICE>199.37</PRICE><MADE_BY>10</MADE_BY><DESCRIP>CALLAWAY IRONS</DESCRIP></Product1><Product2><PRODID>60</PRODID><PRICE>39.99</PRICE><MADE_BY>10</MADE_BY><DESCRIP>ACE TENNIS RACKET I</DESCRIP></Product2><Product3><PRODID>61</PRODID><PRICE>49.99</PRICE><MADE_BY>10</MADE_BY><DESCRIP>ACE TENNIS RACKET II</DESCRIP></Product3><Product4><PRODID>63</PRODID><PRICE>8.99</PRICE><MADE_BY>20</MADE_BY><DESCRIP>WELCOME MAT</DESCRIP></Product4><Product5><PRODID>70</PRODID><PRICE>9.99</PRICE><MADE_BY>30</MADE_BY><DESCRIP>TENT STAKES</DESCRIP></Product5><Product6><PRODID>71</PRODID><PRICE>24.49</PRICE><MADE_BY>20</MADE_BY><DESCRIP>BATH TOWELS</DESCRIP></Product6><Product7><PRODID>76</PRODID><PRICE>14.99</PRICE><MADE_BY>30</MADE_BY><DESCRIP>SB ENERGY BAR-6 PACK</DESCRIP></Product7><Product8><PRODID>80</PRODID><PRICE>70.19</PRICE><MADE_BY>30</MADE_BY><DESCRIP>HIKING BOOTS</DESCRIP></Product8><Product9><PRODID>81</PRODID><PRICE>12.99</PRICE><MADE_BY>30</MADE_BY><DESCRIP>SB VITA SNACK-6 PACK</DESCRIP></Product9><Product10><PRODID>90</PRODID><PRICE>19.99</PRICE><MADE_BY>40</MADE_BY><DESCRIP>TENNIS SHIRT</DESCRIP></Product10></ProductData></Product></Tables>