{
   "tournaments":[
      {
         "name":"British Open",
         "year":2001,
         "award":840000,
         "yardage":6905,
         "par":71,
         "players":[
            {
               "lastname":"Montgomerie",
               "firstinitial":"C",
               "score":-3,
               "hole":17
            },
            {
               "lastname":"Fulke",
               "firstinitial":"P",
               "score":-5,
               "hole":18
            },
            {
               "lastname":"Owen",
               "firstinitial":"G",
               "score":-1,
               "hole":18
            },
            {
               "lastname":"Parnevik",
               "firstinitial":"J",
               "score":0,
               "hole":12
            },
            {
               "lastname":"Ogilvie",
               "firstinitial":"J",
               "score":-1,
               "hole":7
            },
            {
               "lastname":"Cejka",
               "firstinitial":"A",
               "score":-2,
               "hole":15
            },
            {
               "lastname":"Romero",
               "firstinitial":"E",
               "score":-4,
               "hole":11
            },
            {
               "lastname":"Fasth",
               "firstinitial":"N",
               "score":4,
               "hole":18
            }
         ]
      },
      {
         "name":"British Open 2",
         "year":2001,
         "award":840000,
         "yardage":6905,
         "par":71,
         "players":[
            {
               "lastname":"Montgomery",
               "firstinitial":"B",
               "score":-3,
               "hole":17
            },
            {
               "lastname":"Fulk",
               "firstinitial":"P",
               "score":-5,
               "hole":18
            },
            {
               "lastname":"Owan",
               "firstinitial":"G",
               "score":-1,
               "hole":18
            },
            {
               "lastname":"Parnevich",
               "firstinitial":"J",
               "score":0,
               "hole":12
            },
            {
               "lastname":"Ogilvy",
               "firstinitial":"J",
               "score":-1,
               "hole":7
            },
            {
               "lastname":"Cejkae",
               "firstinitial":"A",
               "score":-2,
               "hole":15
            },
            {
               "lastname":"Romeroz",
               "firstinitial":"E",
               "score":-4,
               "hole":11
            },
            {
               "lastname":"Fast",
               "firstinitial":"N",
               "score":4,
               "hole":18
            }
         ]
      }
   ]
}